<?xml version="1.0"?>
<config xmlns:xsi="http://www.w3.org/2001/XMLSchema-instance"
        xsi:noNamespaceSchemaLocation="urn:magento:module:Magento_Config:etc/system_file.xsd">
    <system>
        <tab id="vdcstore" translate="label" sortOrder="0">
            <label>Vdcstore</label>
        </tab>
        <section id="autoinvoice" translate="label" type="text" sortOrder="320" showInDefault="1" showInWebsite="1"
                 showInStore="1">
            <label>Auto Invoice</label>
            <tab>vdcstore</tab>
            <resource>Vdcstore_AutoInvoice::vdcstore_autoinvoice_config</resource>
            <group id="general" translate="label" type="text" sortOrder="10" showInDefault="1" showInWebsite="1"
                   showInStore="1">
                <label>Configuration</label>
                <field id="enable" translate="label" type="select" sortOrder="1" showInDefault="1" showInWebsite="0"
                       showInStore="1">
                    <label>Module Enable/Disable</label>
                    <source_model>Magento\Config\Model\Config\Source\Yesno</source_model>
                </field>
                <field id="payment_methodddd" translate="label" type="multiselect" sortOrder="130" showInDefault="1"
                       showInWebsite="1" showInStore="1">
                    <label>Payment Method</label>
                    <source_model>Vdcstore\AutoInvoice\Model\Config\Source\Payment</source_model>
                     <depends><field id="enable">1</field></depends>
                    <comment>Select Payment Method</comment>
                </field>
                <field id="auto_invoice_generation" translate="label" type="select" sortOrder="1" showInDefault="1"
                       showInWebsite="0"
                       showInStore="1">
                    <label>Auto Inovice Generation</label>
                    <source_model>Magento\Config\Model\Config\Source\Yesno</source_model>
                    <depends><field id="enable">1</field></depends>
                </field>
                <field id="auto_shipment_generation" translate="label" type="select" sortOrder="1" showInDefault="1"
                       showInWebsite="0"
                       showInStore="1">
                    <label>Auto Shipment Generation</label>
                    <source_model>Magento\Config\Model\Config\Source\Yesno</source_model>
                    <depends><field id="enable">1</field></depends>
                </field>
            </group>
        </section>
    </system>
</config>
